Workbook

Sheet Worklog_Tasks&Times
A1: Date | B1: Status | C1: Task | D1: Description/Planning | E1: Task Type | F1: Most suited ILO | G1: Est Hours | H1: Actual Hours | I1: Diff | J1: Evidence link | K1: Task reflection / notes
A2: Week 1
A3: week plan: | B3: Set up repo, environment and tooling. Read core literature. Make early architecture and risk-scoring decisions. Finalise H1-H4 and plan project structure.
A4: Known Risks | B4: Environment/GPU setup may take longer than planned.
A5: 46125 | B5: Done | C5: Create repo and init structure | D5: GitHub repo, folder layout | E5: Programming | F5: Product Quality | G5: 2 | H5: 2 | I5: =H5-G5 -> 0 | J5: repo root
A6: 46125 | B6: Done | C6: Set up Python/CUDA environment | D6: PyTorch, Ultralytics, torchvision install | E6: Programming | F6: Product Quality | G6: 3 | H6: 3 | I6: =H6-G6 -> 0 | J6: requirements.txt
A7: 46126 | B7: Done | C7: Read YOLO/Faster R-CNN/RDD2022/CRDDC papers | D7: Core architecture and benchmark papers | E7: Study | F7: Research Relevance | G7: 3 | H7: 3.5 | I7: =H7-G7 -> 0.5 | J7: references.bib
A8: 46127 | B8: Done | C8: Read OSMnx/routing/PCI literature | D8: Routing and risk-scoring background | E8: Study | F8: Research Relevance | G8: 3 | H8: 3 | I8: =H8-G8 -> 0 | J8: references.bib
A9: 46128 | B9: Done | C9: Decide YOLOv8n vs Faster R-CNN as the two architectures | D9: One-stage vs two-stage comparison | E9: Design | F9: Research Methodology | G9: 1.5 | H9: 1.5 | I9: =H9-G9 -> 0 | J9: thesis 3.2
A10: 46128 | B10: Done | C10: Decide on rule-based (not learned) risk scoring | D10: Auditability over accuracy | E10: Design | F10: Research Methodology | G10: 1 | H10: 1 | I10: =H10-G10 -> 0 | J10: thesis 3.2
A11: 46128 | B11: Done | C11: Supervisor kickoff check-in | D11: Review architecture/risk-scoring decisions and H1-H4 wording | E11: Planning | F11: Learning - Feedback | G11: 0.5 | H11: 0.5 | I11: =H11-G11 -> 0
A12: 46129 | B12: Done | C12: Finalise H1-H4 wording | D12: From proposal feedback | E12: Design | F12: Research Methodology | G12: 2 | H12: 2 | I12: =H12-G12 -> 0
A13: 46129 | B13: Done | C13: Plan src/ structure and config approach | D13: Folder conventions, config pattern | E13: Planning | F13: Project Management - Process | G13: 2 | H13: 2 | I13: =H13-G13 -> 0
E14: Total Hours | G14: =SUM(G5:G13) -> 18 | H14: =SUM(H5:H13) -> 18.5 | I14: =H14-G14 -> 0.5
A15: Week 2
A16: week plan: | B16: Explore RDD2022. Decide which classes to keep. Build the small validation dataset. Plan the app page structure.
A17: Known Risks | B17: RDD2022 download and class filtering may surface format issues.
A18: 46132 | B18: Done | C18: Download RDD2022, verify folders/counts | D18: 7 country sources | E18: Research | F18: Research Methodology | G18: 3 | H18: 3 | I18: =H18-G18 -> 0 | J18: data
A19: 46132 | B19: Done | C19: Explore class/country distribution in notebook | D19: First look at the raw pool | E19: Research | F19: Research Methodology | G19: 3 | H19: 3 | I19: =H19-G19 -> 0 | J19: visual dataset inspection notebook
A20: 46133 | B20: Done | C20: Decide to keep 4 damage classes, filter 5th | D20: D00/D10/D20/D40 only | E20: Design | F20: Research Methodology | G20: 3 | H20: 3 | I20: =H20-G20 -> 0 | J20: scripts/
A21: 46133 | B21: Done | C21: Write annotation conversion script | D21: Convert raw RDD2022 labels | E21: Programming | F21: Product Quality | G21: 3 | H21: 3 | I21: =H21-G21 -> 0 | J21: scripts/
A22: 46135 | B22: Done | C22: Build small dataset split (277/60/60) | D22: First dataset scale, for pipeline validation | E22: Programming | F22: Research Methodology | G22: 3 | H22: 3 | I22: =H22-G22 -> 0 | J22: data
A23: 46135 | B23: Done | C23: Verify small dataset integrity | D23: File counts, label format | E23: Testing | F23: Product Quality | G23: 2 | H23: 2 | I23: =H23-G23 -> 0 | J23: scripts
A24: 46135 | B24: Done | C24: Research CVAT for later manual annotation | D24: Tool choice for the Sofia dataset | E24: Study | F24: Research Relevance | G24: 1.5 | H24: 1.5 | I24: =H24-G24 -> 0
A25: 46136 | B25: Done | C25: Plan Streamlit app page structure | D25: Dashboard/Upload/Map/Route pages | E25: Planning | F25: Project Management - Process | G25: 1.5 | H25: 1.5 | I25: =H25-G25 -> 0
E26: Total Hours | G26: =SUM(G16:G25) -> 20 | H26: =SUM(H16:H25) -> 20 | I26: =H26-G26 -> 0
A27: Week 3
A28: week plan: | B28: Train the first models on the small dataset. Start researching the geospatial and app layers needed for a full pipeline.
A29: Known Risks | B29: Faster R-CNN memory footprint on 8GB GPU is untested.
A30: 46139 | B30: Done | C30: Write YOLOv8n training config | D30: Image size, batch, early stop | E30: Programming | F30: Product Quality | G30: 2 | H30: 2 | I30: =H30-G30 -> 0 | J30: first YOLO training
A31: 46139 | B31: Done | C31: Write Faster R-CNN training config | D31: Grad accumulation, mixed precision | E31: Programming | F31: Product Quality | G31: 3 | H31: 3 | I31: =H31-G31 -> 0 | J31: first YOLO training
A32: 46140 | B32: Done | C32: Debug FRCNN memory errors | D32: 8GB GPU constraint | E32: Debugging | F32: Project Management - Risk | G32: 2 | H32: 2.5 | I32: =H32-G32 -> 0.5 | J32: first FasteRNN training
A33: 46140 | B33: Done | C33: Train YOLOv8n on small dataset | D33: First full run | E33: Programming | F33: Research Methodology | G33: 3 | H33: 3 | I33: =H33-G33 -> 0 | J33: first YOLO training
A34: 46142 | B34: Done | C34: Train Faster R-CNN on small dataset | D34: First full run | E34: Programming | F34: Research Methodology | G34: 4 | H34: 4 | I34: =H34-G34 -> 0 | J34: first FasteRNN training
A35: 46142 | B35: Done | C35: Evaluate both small-dataset models | D35: P/R/F1/mAP | E35: Testing | F35: Research Methodology | G35: 2 | H35: 2 | I35: =H35-G35 -> 0 | J35: outputs/reports/
A36: 46143 | B36: Done | C36: Research OSMnx and Folium basics | D36: For the routing/map layers | E36: Study | F36: Research Relevance | G36: 2 | H36: 2 | I36: =H36-G36 -> 0
A37: 46143 | B37: Done | C37: Draft pipeline architecture diagram | D37: First version of the overview figure | E37: Design | F37: Research Methodology | G37: 2 | H37: 2 | I37: =H37-G37 -> 0 | J37: thesis figure 1
E38: Total Hours | G38: =SUM(G30:G37) -> 20 | H38: =SUM(H30:H37) -> 20.5 | I38: =H38-G38 -> 0.5
A39: Week 4
A40: week plan: | B40: Design and implement the risk-scoring model, so the small-dataset model's output can be scored.
A41: Known Risks | B41: None significant.
A42: 46146 | B42: Done | C42: Design per-detection risk formula | D42: Severity x confidence multiplier | E42: Design | F42: Research Methodology | G42: 2 | H42: 2 | I42: =H42-G42 -> 0 | J42: thesis 3.3
A43: 46146 | B43: Done | C43: Define confidence multiplier function | D43: Floor 0.7, threshold 0.25 | E43: Design | F43: Research Methodology | G43: 3 | H43: 3 | I43: =H43-G43 -> 0 | J43: thesis 3.3
A44: 46147 | B44: Done | C44: Design max+damped-rest combination rule | D44: beta = 0.3 | E44: Design | F44: Research Methodology | G44: 2 | H44: 2 | I44: =H44-G44 -> 0 | J44: thesis 3.3
A45: 46147 | B45: Done | C45: Decide to exclude bbox size from severity | D45: Document rationale | E45: Research | F45: Research Methodology | G45: 1.5 | H45: 1.5 | I45: =H45-G45 -> 0 | J45: thesis 3.3
A46: 46148 | B46: Done | C46: Supervisor check-in | D46: Review risk-scoring model design | E46: Planning | F46: Learning - Feedback | G46: 0.5 | H46: 0.5 | I46: =H46-G46 -> 0
A47: 46149 | B47: Done | C47: Build risk_weights.yaml | D47: Single config source | E47: Programming | F47: Product Quality | G47: 3 | H47: 3 | I47: =H47-G47 -> 0 | J47: config/risk_weights.yaml
A48: 46149 | B48: Done | C48: Implement src/risk/scoring.py and combine.py | D48: Per-detection scoring + shared combinator | E48: Programming | F48: Product Quality | G48: 3 | H48: 3 | I48: =H48-G48 -> 0 | J48: src/risk/
A49: 46150 | B49: Done | C49: Implement observation_risk.py | D49: [0,1] cap, categories | E49: Programming | F49: Product Quality | G49: 2.5 | H49: 2.5 | I49: =H49-G49 -> 0 | J49: src/risk/observation_risk.py
A50: 46150 | B50: Done | C50: Unit test risk-scoring edge cases | D50: Confidence floor, saturation, combination | E50: Testing | F50: Product Quality | G50: 2 | H50: 2 | I50: =H50-G50 -> 0 | J50: src/risk/
E51: Total Hours | G51: =SUM(G42:G50) -> 19.5 | H51: =SUM(H42:H50) -> 19.5 | I51: =H51-G51 -> 0
A52: Week 5
A53: week plan: | B53: Build minimal geospatial matching and routing, to prove the full detection-to-route chain works.
A54: Known Risks | B54: OSMnx download of the Sofia graph may be slow or incomplete.
A55: 46153 | B55: Done | C55: Set up Sofia OSM graph download | D55: OSMnx, 8km radius | E55: Programming | F55: Product Quality | G55: 2 | H55: 2 | I55: =H55-G55 -> 0 | J55: src/geospatial/network.py
A56: 46153 | B56: Done | C56: Cache OSM graph locally | D56: Test reload speed | E56: Programming | F56: Product Quality | G56: 1.5 | H56: 1.5 | I56: =H56-G56 -> 0 | J56: src/geospatial/
A57: 46154 | B57: Done | C57: Implement GPS-to-edge matching | D57: 50m threshold | E57: Programming | F57: Product Quality | G57: 3 | H57: 3 | I57: =H57-G57 -> 0 | J57: src/geospatial/
A58: 46154 | B58: Done | C58: Implement segment-level risk aggregation | D58: Total risk + density | E58: Programming | F58: Product Quality | G58: 3 | H58: 3 | I58: =H58-G58 -> 0 | J58: src/risk/segment_aggregation.py
A59: 46156 | B59: Done | C59: Implement risk-aware routing cost c(e) | D59: length + alpha x density | E59: Programming | F59: Product Quality | G59: 2.5 | H59: 2.5 | I59: =H59-G59 -> 0 | J59: src/routing/router.py
A60: 46156 | B60: Done | C60: Run shortest vs risk-aware path on sample detections | D60: Script-level test | E60: Testing | F60: Product Quality | G60: 3 | H60: 3 | I60: =H60-G60 -> 0 | J60: src/routing/
A61: 46157 | B61: Done | C61: Confirm the full chain works end to end (script) | D61: Detection to risk to map to route | E61: Testing | F61: Research Methodology | G61: 4 | H61: 4 | I61: =H61-G61 -> 0
A62: 46157 | B62: Done | C62: Calibrate alpha empirically against first sample data | D62: Early, rough calibration | E62: Research | F62: Research Methodology | G62: 2 | H62: 2 | I62: =H62-G62 -> 0 | J62: config/risk_weights.yaml
E63: Total Hours | G63: =SUM(G55:G62) -> 21 | H63: =SUM(H55:H62) -> 21 | I63: =H63-G63 -> 0
A64: Week 6
A65: week plan: | B65: Build the first Streamlit app and wire everything together: the working pipeline milestone.
A66: Known Risks | B66: Streamlit page state management may need rework.
A67: 46160 | B67: Done | C67: Build Streamlit app skeleton | D67: Shared config loading | E67: Programming | F67: Product Quality | G67: 2 | H67: 2 | I67: =H67-G67 -> 0 | J67: app.py, pages/
A68: 46160 | B68: Done | C68: Build Upload and Detect page | D68: Upload, run model, confirm-to-store | E68: Programming | F68: Product Usefulness | G68: 3 | H68: 3 | I68: =H68-G68 -> 0 | J68: pages/2_Upload_Detect.py
A69: 46161 | B69: Done | C69: Design and build SQLite schema | D69: 4 tables | E69: Design | F69: Product Quality | G69: 3 | H69: 3 | I69: =H69-G69 -> 0 | J69: src/app/database.py
A70: 46161 | B70: Done | C70: Build basic Dashboard page | D70: Summary stats, overview map | E70: Programming | F70: Product Usefulness | G70: 2 | H70: 2 | I70: =H70-G70 -> 0 | J70: pages/1_Dashboard.py
A71: 46160 | B71: Done | C71: Supervisor check-in | D71: Demo the first working model | E71: Planning | F71: Learning - Feedback | G71: 0.5 | H71: 0.5 | I71: =H71-G71 -> 0
A72: 46163 | B72: Done | C72: Build basic Damage Map page | D72: Markers, segment colouring | E72: Programming | F72: Product Usefulness | G72: 2.5 | H72: 2.5 | I72: =H72-G72 -> 0 | J72: pages/3_Damage_Map.py
A73: 46163 | B73: Done | C73: Build basic Safer Route Planner page | D73: Origin/destination, route comparison | E73: Programming | F73: Product Usefulness | G73: 2.5 | H73: 2.5 | I73: =H73-G73 -> 0 | J73: pages/4_Safer_Route_Planner.py
A74: 46164 | B74: Done | C74: Full first end-to-end walkthrough test | D74: Milestone: pipeline complete | E74: Testing | F74: Product Quality | G74: 2.5 | H74: 2.5 | I74: =H74-G74 -> 0 | K74: first working pipeline
A75: 46164 | B75: Done | C75: Fix bugs found in first walkthrough | D75: Upload/map/routing glitches | E75: Debugging | F75: Product Quality | G75: 2 | H75: 2 | I75: =H75-G75 -> 0
E76: Total Hours | G76: =SUM(G67:G75) -> 20 | H76: =SUM(H67:H75) -> 20 | I76: =H76-G76 -> 0
A77: Week 7
A78: week plan: | B78: Go back to training: audit dataset bias and retrain on a medium-scale dataset.
A79: Known Risks | B79: Bias found in the small dataset may require a bigger-than-planned rebuild.
A80: 46167 | B80: Done | C80: Audit class balance of small-dataset results | D80: Check D00 vs D20/D40 ratios | E80: Research | F80: Research Methodology | G80: 2 | H80: 2 | I80: =H80-G80 -> 0 | J80: notebooks/
A81: 46167 | B81: Done | C81: Audit country balance | D81: Japan share vs raw pool | E81: Research | F81: Research Methodology | G81: 2 | H81: 2 | I81: =H81-G81 -> 0 | J81: notebooks/
A82: 46168 | B82: Done | C82: Confirm D00 2-3x overrepresentation | D82: Vs. D20/D40 | E82: Research | F82: Project Management - Risk | G82: 1.5 | H82: 1.5 | I82: =H82-G82 -> 0 | J82: notebooks/ | K82: bias found
A83: 46168 | B83: Done | C83: Confirm Japan ~46% vs ~28% raw | D83: Country skew | E83: Research | F83: Project Management - Risk | G83: 1.5 | H83: 1.5 | I83: =H83-G83 -> 0 | J83: notebooks/ | K83: bias found
A84: 46170 | B84: Done | C84: Build medium dataset split (1,034/224/221) | D84: Second dataset scale | E84: Programming | F84: Research Methodology | G84: 3 | H84: 3 | I84: =H84-G84 -> 0 | J84: data/processed/medium/
A85: 46170 | B85: Done | C85: Train YOLOv8n on medium dataset | D85: Confirm imbalance effect | E85: Programming | F85: Research Methodology | G85: 3 | H85: 3 | I85: =H85-G85 -> 0 | J85: runs/
A86: 46171 | B86: Done | C86: Train Faster R-CNN on medium dataset | D86: Confirm imbalance effect | E86: Programming | F86: Research Methodology | G86: 3 | H86: 3.5 | I86: =H86-G86 -> 0.5 | J86: runs/
A87: 46171 | B87: Done | C87: Evaluate medium-dataset models | D87: P/R/F1/mAP | E87: Testing | F87: Research Methodology | G87: 2.5 | H87: 2.5 | I87: =H87-G87 -> 0 | J87: outputs/reports/
E88: Total Hours | G88: =SUM(G80:G87) -> 18.5 | H88: =SUM(H80:H87) -> 19 | I88: =H88-G88 -> 0.5
A89: Week 8
A90: week plan: | B90: Design and build the balanced large dataset.
A91: Known Risks | B91: D40 (pothole) has zero images from 3 of 7 countries; quota maths must account for this.
A92: 46174 | B92: Done | C92: Design water-filling balancing algorithm | D92: Per-class quota across countries | E92: Design | F92: Research Methodology | G92: 3 | H92: 3 | I92: =H92-G92 -> 0 | J92: scripts/
A93: 46174 | B93: Done | C93: Handle D40's 4-country constraint | D93: Zero pothole images from 3 countries | E93: Programming | F93: Research Methodology | G93: 2 | H93: 2 | I93: =H93-G93 -> 0 | J93: scripts/
A94: 46175 | B94: Done | C94: Implement balancing script | D94: Water-filling allocation | E94: Programming | F94: Product Quality | G94: 3 | H94: 3 | I94: =H94-G94 -> 0 | J94: scripts/
A95: 46175 | B95: Done | C95: Unit test balancing script | D95: D40 4-country constraint | E95: Testing | F95: Product Quality | G95: 2 | H95: 2 | I95: =H95-G95 -> 0 | J95: scripts/
A96: 46177 | B96: Done | C96: Run balancing script, build large dataset | D96: 4,291/597/592 | E96: Programming | F96: Research Methodology | G96: 3 | H96: 3 | I96: =H96-G96 -> 0 | J96: data/processed/large/
A97: 46177 | B97: Done | C97: Verify balancing output | D97: Counts match quotas | E97: Testing | F97: Research Methodology | G97: 2 | H97: 2 | I97: =H97-G97 -> 0 | J97: thesis Table A.1
A98: 46178 | B98: Done | C98: Add damage-free negatives | D98: 200/30 images | E98: Programming | F98: Product Quality | G98: 1.5 | H98: 1.5 | I98: =H98-G98 -> 0 | J98: data/processed/large/
E99: Total Hours | G99: =SUM(G92:G98) -> 16.5 | H99: =SUM(H92:H98) -> 16.5 | I99: =H99-G99 -> 0
A102: Week 9
...

Sheet Overview
B2: Learning Objective | C2: W1 | D2: W2 | E2: W3 | F2: W4 | G2: W5 | H2: W6 | I2: W7 | J2: W8 | K2: Total Hours for objective
B3: ='Drop-downs'!C2 -> - | K3: =SUM(C3:J3) -> 0
B4: ='Drop-downs'!C3 -> Research Relevance | C4: =IFERROR(__xludf.DUMMYFUNCTION("IFERROR(SUM(FILTER('Worklog_Tasks&Times'!$H$5:$H$14,'Worklog_Tasks&Times'!$F$5:$F$14=$B4)),0)"),0) -> 0 | K4: =SUM(C4:J4) -> 0
B5: ='Drop-downs'!C4 -> Research Methodology | K5: =SUM(C5:J5) -> 0
B6: ='Drop-downs'!C5 -> Research Application | K6: =SUM(C6:J6) -> 0
B7: ='Drop-downs'!C6 -> Product Usefulness | K7: =SUM(C7:J7) -> 0
B8: ='Drop-downs'!C7 -> Product Quality | K8: =SUM(C8:J8) -> 0
B9: ='Drop-downs'!C8 -> Project Management - Process | K9: =SUM(C9:J9) -> 0
B10: ='Drop-downs'!C9 -> Project Management - Risk | K10: =SUM(C10:J10) -> 0
B11: ='Drop-downs'!C10 -> Professionalism - Collaboration | K11: =SUM(C11:J11) -> 0
B12: TOTAL HOURS PER WEEK | C12: =SUM(C3:C11) -> 0 | D12: =SUM(D3:D11) -> 0 | E12: =SUM(E3:E11) -> 0 | F12: =SUM(F3:F11) -> 0 | G12: =SUM(G3:G11) -> 0 | H12: =SUM(H3:H11) -> 0 | I12: =SUM(I3:I11) -> 0 | J12: =SUM(J3:J11) -> 0
B14: Use this to plan a high level allocation for all 320 hours you are expected to devote to the course during this block. How do you want to allocate your hours for each week? Why 320 hours? The European Higher Education Framework states that an academic credit is expected to require 25-28 hours to earn. You earn 15 credits per block, so you should be expected to devote 375 hours to accomplish that. CMGT students do fewer hours because the program is more intense.
B18: Use a formula like this to get your data from Worklog sheet : =IFERROR(SUM(FILTER('Worklog_Tasks&Times'!$H$5:$H$14,'Worklog_Tasks&Times'!$F$5:$F$14=$B4)),0)

Sheet Drop-downs
A1: Task Status | B1: Task Type | C1: ILO selection
A2: - | B2: - | C2: -
A3: Planned | B3: Design | C3: Research Relevance
A4: Unplanned | B4: Meeting | C4: Research Methodology
A5: Blocked | B5: Programming | C5: Research Application
A6: In-Progress | B6: Research | C6: Product Usefulness
A7: Done | B7: Testing | C7: Product Quality
A8: Delayed | B8: Workshop | C8: Project Management - Process
A9: Cancelled | B9: Planning | C9: Project Management - Risk
B10: Evidencing | C10: Professionalism - Collaboration
B11: Debugging | C11: Professionalism - Ethics/Legal
B12: Lecture | C12: Professionalism - Communication
B13: Study | C13: Learning - Feedback
B14: Unplanned | C14: Learning - Implementation
B15: Distraction
B16: Break
